number;external lfdn;tester;disposition code;last page;quality;time to complete survey;Welchem Geschlecht fühlen Sie sich am ehesten zugehörig?;In welchem Jahr sind Sie geboren?;Was ist Ihr höchster Abschluss?;In welchem Bundesland wohnen Sie?;Haben Sie sich bereits mit dem COVID-19-Virus infiziert?;Wurden Sie gegen das COVID-19-Virus geimpft?;Bitte geben Sie an, inwieweit Sie den folgenden Aussagen zustimmen.;Bitte geben Sie an, inwieweit Sie den folgenden Aussagen zustimmen.;Bitte geben Sie an, inwieweit Sie den folgenden Aussagen zustimmen.;Bitte geben Sie an, inwieweit Sie den folgenden Aussagen zustimmen.;Wie zufrieden waren Sie insgesamt mit der Corona-Politik?;Hat die Bundesregierung Ihrer Meinung nach mit den Regelungen zur Bundesnotbremse und den damit verbundenen Maßnahmen richtig gehandelt?;Welches Vorgehen befürworten Sie anstelle der Notbremse?;Welches Vorgehen befürworten Sie anstelle der Notbremse?;Hier ist Platz für Ihre Anmerkungen und Fragen.;;;;;;;;;;;;;;;;;;;;;;;;;;;;;;;;;
number;external lfdn;tester;disposition code;last page;quality;time to complete survey;Geschlecht;Geburtsjahr;Höchster Abschluss;Bundesland;Infektion;Impfung;Seit meiner Impfung fühle ich mich sicherer als zuvor.;Die aktuellen Einschränkungen sollten nur für Nicht-Geimpfte gelten.;Es ist überflüssig geworden, sich an die Maßnahmen zu halten.;Ich habe nichts an meiner Verhaltensweise verändert.;Zufriedenheit insgesamt;Meinung zukünftiges Vorgehen;Alternatives Vorgehen;Sonstige und zwar:;Textbereich;browser-id;http-referer;device type;quota;quota_assignment;quota_rejected_id;page history;hflip;vflip;output mode;javascript;flash;session id;language;datacleaning;absolute timestamp;datetime of survey start;date of last access;date of first mail;relative timestamp for page 6898876;relative timestamp for page 6898877;relative timestamp for page 6898878;relative timestamp for page 6898880;relative timestamp for page 6898882;relative timestamp for page 6904232;relative timestamp for page 6904234;relative timestamp for page 6904237;relative timestamp for page 6904242;relative timestamp for page 6904243;relative timestamp for page 6905176;relative timestamp for page 6905230;relative timestamp for page 6905237;relative timestamp for page 6912113
lfdn;external_lfdn;tester;dispcode;lastpage;quality;duration;v_3;v_4;v_5;v_7;v_175;v_176;v_177;v_178;v_179;v_180;v_164;v_161;v_163;v_165;v_196;browser;referer;device_type;quota;quota_assignment;quota_rejected_id;page_history;hflip;vflip;output_mode;javascript;flash;session_id;language;cleaned;ats;datetime;date_of_last_access;date_of_first_mail;rts6898876;rts6898877;rts6898878;rts6898880;rts6898882;rts6904232;rts6904234;rts6904237;rts6904242;rts6904243;rts6905176;rts6905230;rts6905237;rts6912113
38;0;Kein Tester;Beendet (31);6898888;Null;610;männlich;1957;Masterabschluss;Nordrhein-Westfalen;Nein;Ja;teils-teils;stimme eher zu;stimme nicht zu;stimme nicht zu;neutral;Ja;Null;Null;Null;"Mozilla/5.0 (Android 10; Mobile; rv:89.0) Gecko/89.0 Firefox/89.0";Null;0;0;Null;0;6898876,6898877,6898878,6904232,6904243,6898880,6898881,6904237,6905236,6905237,6904242,6905174,6912113,6898888;Geflippt;Nicht geflipped;HTML;Null;Null;c030d9511ed9c6f9ad88ed0b7b99bf33;Deutsch;Nicht bereinigt;1623925999;17.06.2021 10:33;17.06.2021 10:43;0000-00-00 00:00:00;22;60;139;516;0;245;0;525;605;346;0;0;584;610
39;0;Kein Tester;Beendet nach Unterbrechung (32);6898888;Null;-1;weiblich;1966;Allgemeine Hochschulreife / Abitur;Nordrhein-Westfalen;Nein;Ja;stimme nicht zu;stimme nicht zu;teils-teils;stimme zu;2;Nein;Sonstige und zwar:;Eigenverantwortung wie in Schweden ;Null;"Mozilla/5.0 (Linux; Android 10; POT-LX1) AppleWebKit/537.36 (KHTML, like Gecko) Chrome/91.0.4472.101 Mobile Safari/537.36";Null;0;0;Null;0;6898876,6898877,6898878,6904232,6904232,6904232,6904243,6898880,6898881,6904237,6905236,6905237,6904242,6905174,6905176,6912113,6898888;Geflippt;Nicht geflipped;HTML;Null;Null;f2790fff6bdff0ffd3ba129171086519;Deutsch;Nicht bereinigt;1623926067;17.06.2021 10:34;17.06.2021 19:56;0000-00-00 00:00:00;34;65;124;33593;0;33473;0;33601;33654;33525;33719;0;33635;33726
40;0;Kein Tester;Beendet (31);6898888;Null;311;männlich;1990;Allgemeine Hochschulreife / Abitur;Nordrhein-Westfalen;0;0;Null;Null;Null;Null;2;0;Null;Null;Null;"Mozilla/5.0 (iPhone; CPU iPhone OS 14_6 like Mac OS X) AppleWebKit/605.1.15 (KHTML, like Gecko) Version/14.1.1 Mobile/15E148 Safari/604.1";Null;0;0;Null;0;6898876,6898877,6898878,6904232,6904243,6898880,6898881,6904237,6905236,6904242,6905174,6912113,6898888;Nicht geflipped;Nicht geflipped;HTML;Null;Null;814fd79874dc9dffe629eea36bd5f59d;Deutsch;Nicht bereinigt;1623926141;17.06.2021 10:35;17.06.2021 10:40;0000-00-00 00:00:00;28;53;116;289;0;191;0;295;308;249;0;0;0;311
41;0;Kein Tester;Beendet (31);6898888;Null;177;weiblich;1996;Allgemeine Hochschulreife / Abitur;Nordrhein-Westfalen;Nein;Nein;Null;Null;Null;Null;neutral;Ja;Null;Null;Gerne weniger Text auf eine Frage-Seite.;"Mozilla/5.0 (Windows NT 10.0; Win64; x64) AppleWebKit/537.36 (KHTML, like Gecko) Chrome/90.0.4430.212 Safari/537.36 OPR/76.0.4017.177";Null;0;0;Null;0;6898876,6898877,6898878,6904232,6904243,6898880,6898881,6904237,6905236,6904242,6905174,6912113,6898888;Nicht geflipped;Nicht geflipped;HTML;Null;Null;a1cd71dc88c0298b97259964cc7f278d;Deutsch;Nicht bereinigt;1623926167;17.06.2021 10:36;17.06.2021 10:39;0000-00-00 00:00:00;7;34;101;114;0;108;0;119;128;111;0;0;0;177
42;0;Kein Tester;Beendet (31);6898888;Null;442;männlich;1996;Bachelorabschluss;Nordrhein-Westfalen;Nein;Ja;stimme eher zu;stimme zu;teils-teils;teils-teils;neutral;Nein;Keinen Lockdown (Bsp.: USA, Brasilien);Null;Null;"Mozilla/5.0 (Linux; Android 8.0.0; FIG-LX1) AppleWebKit/537.36 (KHTML, like Gecko) Chrome/77.0.3865.116 Mobile Safari/537.36";Null;0;0;Null;0;6898876,6898877,6898878,6904232,6904243,6898880,6898881,6904237,6905236,6905237,6904242,6905174,6905176,6912113,6898888;Geflippt;Geflippt;HTML;Null;Null;7cfe69d5ec4ad6a41071ac9fcf7e66f2;Deutsch;Nicht bereinigt;1623926834;17.06.2021 10:47;17.06.2021 10:54;0000-00-00 00:00:00;18;40;109;342;0;175;0;350;402;227;416;0;384;442
43;0;Kein Tester;Beendet (31);6898888;Null;360;weiblich;1997;Bachelorabschluss;Nordrhein-Westfalen;Nein;Ja;stimme zu;teils-teils;stimme nicht zu;teils-teils;2;Ja;Null;Null;Null;"Mozilla/5.0 (Linux; Android 11; Mi Note 10 Lite) AppleWebKit/537.36 (KHTML, like Gecko) Chrome/91.0.4472.101 Mobile Safari/537.36";Null;0;0;Null;0;6898876,6898877,6898878,6904232,6904243,6898880,6898881,6904237,6905236,6905237,6904242,6905174,6912113,6898888;Geflippt;Nicht geflipped;HTML;Null;Null;1e5cae9ef008ac375095ea8bbda914a5;Deutsch;Nicht bereinigt;1623927103;17.06.2021 10:51;17.06.2021 10:57;0000-00-00 00:00:00;6;22;82;317;0;204;0;326;358;275;0;0;347;360
44;0;Kein Tester;Beendet (31);6898888;Null;292;weiblich;1999;Fachhochschulreife;Nordrhein-Westfalen;Nein;Nein;Null;Null;Null;Null;sehr unzufrieden;Nein;Kurzen, strikten Lockdown (Bsp.: China, Australien);Null;Null;"Mozilla/5.0 (iPhone; CPU iPhone OS 14_0_1 like Mac OS X) AppleWebKit/605.1.15 (KHTML, like Gecko) Version/14.0 Mobile/15E148 Safari/604.1";Null;0;0;Null;0;6898876,6898877,6898878,6904232,6904243,6898880,6898881,6904237,6905236,6904242,6905174,6905176,6912113,6898888;Geflippt;Geflippt;HTML;Null;Null;288af40f795e98dd6cf29c620c22a1f1;Deutsch;Nicht bereinigt;1623928018;17.06.2021 11:06;17.06.2021 11:11;0000-00-00 00:00:00;12;30;85;245;0;128;0;253;263;158;280;0;0;292
46;0;Kein Tester;Beendet (31);6898888;Null;468;weiblich;2000;Allgemeine Hochschulreife / Abitur;Nordrhein-Westfalen;Nein;Ja;stimme zu;stimme eher zu;stimme eher nicht zu;stimme eher nicht zu;neutral;Nein;Kurzen, strikten Lockdown (Bsp.: China, Australien);Null;Null;"Mozilla/5.0 (Linux; U; Android 10; de-de; Redmi 8 Build/QKQ1.191014.001) AppleWebKit/537.36 (KHTML, like Gecko) Version/4.0 Chrome/79.0.3945.147 Mobile Safari/537.36 XiaoMi/MiuiBrowser/12.10.8-gn";Null;0;0;Null;0;6898876,6898877,6898878,6904232,6904243,6898880,6898881,6904237,6905236,6905237,6904242,6905174,6905176,6912113,6898888;Geflippt;Geflippt;HTML;Null;Null;7dc7937a64fb7b23f2709b02f128ec30;Deutsch;Nicht bereinigt;1623929832;17.06.2021 11:37;17.06.2021 11:45;0000-00-00 00:00:00;54;75;145;382;0;195;0;392;441;232;466;0;418;468
49;0;Kein Tester;Beendet (31);6898888;Null;592;weiblich;2000;Allgemeine Hochschulreife / Abitur;Nordrhein-Westfalen;Nein;Ja;stimme eher zu;stimme eher nicht zu;stimme eher nicht zu;stimme zu;2;Ja;Null;Null;Null;"Mozilla/5.0 (Linux; Android 7.0; SM-G920F) AppleWebKit/537.36 (KHTML, like Gecko) Chrome/91.0.4472.101 Mobile Safari/537.36";Null;0;0;Null;0;6898876,6898877,6898878,6904232,6904243,6898880,6898881,6904237,6905236,6905237,6904242,6905174,6912113,6898888;Geflippt;Geflippt;HTML;Null;Null;9f432bb4cde965f81d3ff8e3f7a801e4;Deutsch;Nicht bereinigt;1623931552;17.06.2021 12:05;17.06.2021 12:15;0000-00-00 00:00:00;10;33;81;546;0;251;0;554;589;388;0;0;572;592
50;0;Kein Tester;Beendet (31);6898888;Null;453;weiblich;1995;Fachhochschulreife;Nordrhein-Westfalen;Nein;Ja;stimme nicht zu;stimme nicht zu;stimme zu;stimme zu;sehr unzufrieden;Nein;Kurzen, strikten Lockdown (Bsp.: China, Australien);Null;Null;"Mozilla/5.0 (Linux; Android 11; SAMSUNG SM-G998B) AppleWebKit/537.36 (KHTML, like Gecko) SamsungBrowser/14.0 Chrome/87.0.4280.141 Mobile Safari/537.36";Null;0;0;Null;0;6898876,6898877,6898877,6898877,6898878,6904232,6904243,6898880,6898881,6904237,6905236,6905237,6904242,6905174,6905176,6912113,6898888;Geflippt;Geflippt;HTML;Null;Null;4779097049e5add8643b65c8da101611;Deutsch;Nicht bereinigt;1623931576;17.06.2021 12:06;17.06.2021 12:13;0000-00-00 00:00:00;3;203;248;394;0;298;0;406;441;323;450;0;428;453
52;0;Kein Tester;Beendet (31);6898888;Null;320;männlich;1995;Allgemeine Hochschulreife / Abitur;Nordrhein-Westfalen;Nein;Nein;Null;Null;Null;Null;2;Nein;Kurzen, strikten Lockdown (Bsp.: China, Australien);Null;Geht's dir gut mach tut tut;"Mozilla/5.0 (Linux; arm_64; Android 8.0.0; WAS-TL10) AppleWebKit/537.36 (KHTML, like Gecko) Chrome/89.0.4389.128 YaBrowser/21.3.4.59.00 SA/3 Mobile Safari/537.36";Null;0;0;Null;0;6898876,6898877,6898878,6904232,6904243,6898880,6898881,6904237,6905236,6904242,6905174,6905176,6912113,6898888;Geflippt;Geflippt;HTML;Null;Null;7daf37b52ea23726a3f78a4f80cb9a42;Deutsch;Nicht bereinigt;1623933253;17.06.2021 12:34;17.06.2021 12:39;0000-00-00 00:00:00;28;59;113;263;0;159;0;270;281;211;291;0;0;320
53;0;Kein Tester;Beendet (31);6898888;Null;819;männlich;1999;Hauptschulabschluss;Nordrhein-Westfalen;Nein;Nein;Null;Null;Null;Null;2;Nein;Sonstige und zwar:;Dänemark;Null;"Mozilla/5.0 (Linux; Android 10; M2004J19C) AppleWebKit/537.36 (KHTML, like Gecko) Chrome/91.0.4472.101 Mobile Safari/537.36";Null;0;0;Null;0;6898876,6898877,6898878,6904232,6904243,6898880,6898881,6904237,6905236,6904242,6905174,6905176,6912113,6898888;Nicht geflipped;Geflippt;HTML;Null;Null;cba4f12249005c384bca76624a0cc825;Deutsch;Nicht bereinigt;1623933975;17.06.2021 12:46;17.06.2021 12:59;0000-00-00 00:00:00;16;50;132;741;0;509;0;747;769;610;816;0;0;819
57;0;Kein Tester;Beendet (31);6898888;Null;637;weiblich;1999;Allgemeine Hochschulreife / Abitur;Nordrhein-Westfalen;Nein;Ja;stimme zu;stimme zu;stimme eher nicht zu;teils-teils;4;Ja;Null;Null;Null;"Mozilla/5.0 (Windows NT 10.0; Win64; x64; rv:89.0) Gecko/20100101 Firefox/89.0";Null;0;0;Null;0;6898876,6898877,6898878,6904232,6904243,6898880,6898881,6904237,6905236,6905237,6904242,6904242,6905174,6912113,6898888;Geflippt;Nicht geflipped;HTML;Null;Null;200c812846ece7c50d9a790eeeab9cb5;Deutsch;Nicht bereinigt;1623937767;17.06.2021 13:49;17.06.2021 14:00;0000-00-00 00:00:00;87;108;130;317;0;178;0;322;634;267;0;0;629;637
60;0;Kein Tester;Beendet (31);6898888;Null;463;weiblich;1996;Bachelorabschluss;Nordrhein-Westfalen;Nein;Ja;stimme zu;stimme nicht zu;stimme nicht zu;stimme zu;4;Ja;Null;Null;Null;"Mozilla/5.0 (Windows NT 10.0; Win64; x64) AppleWebKit/537.36 (KHTML, like Gecko) Chrome/91.0.4472.101 Safari/537.36";Null;0;0;Null;0;6898876,6898877,6898878,6904232,6904243,6898880,6898881,6904237,6905236,6905237,6904242,6905174,6912113,6898888;Geflippt;Nicht geflipped;HTML;Null;Null;8084b057d77811679dacd51fbe9d4ca1;Deutsch;Nicht bereinigt;1623938035;17.06.2021 13:53;17.06.2021 14:01;0000-00-00 00:00:00;22;51;120;381;0;181;0;391;431;302;0;0;414;463
61;0;Kein Tester;Beendet (31);6898888;Null;419;weiblich;2000;Allgemeine Hochschulreife / Abitur;Nordrhein-Westfalen;Weiß ich nicht;Ja;stimme zu;stimme eher zu;teils-teils;teils-teils;neutral;Nein;Kurzen, strikten Lockdown (Bsp.: China, Australien);Null;Null;"Mozilla/5.0 (Linux; Android 10; SM-A750FN) AppleWebKit/537.36 (KHTML, like Gecko) Chrome/91.0.4472.101 Mobile Safari/537.36";Null;0;0;Null;0;6898876,6898877,6898878,6904232,6904243,6898880,6898881,6904237,6905236,6905237,6904242,6905174,6905176,6912113,6898888;Geflippt;Nicht geflipped;HTML;Null;Null;23c74a4834b33ea559a441e8e19551db;Deutsch;Nicht bereinigt;1623938168;17.06.2021 13:56;17.06.2021 14:03;0000-00-00 00:00:00;51;68;119;359;0;203;0;366;406;253;417;0;391;419
62;0;Kein Tester;Beendet (31);6898888;Null;245;weiblich;2000;Allgemeine Hochschulreife / Abitur;Nordrhein-Westfalen;Nein;Ja;stimme zu;teils-teils;stimme eher nicht zu;stimme eher nicht zu;2;Ja;Null;Null;Null;"Mozilla/5.0 (iPhone; CPU iPhone OS 14_6 like Mac OS X) AppleWebKit/605.1.15 (KHTML, like Gecko) Version/14.1.1 Mobile/15E148 Safari/604.1";Null;0;0;Null;0;6898876,6898877,6898878,6904232,6904243,6898880,6898881,6904237,6905236,6905237,6904242,6905174,6912113,6898888;Geflippt;Geflippt;HTML;Null;Null;881665f350c39e2513fa40c3748bf7d2;Deutsch;Nicht bereinigt;1623938547;17.06.2021 14:02;17.06.2021 14:06;0000-00-00 00:00:00;4;22;59;208;0;106;0;215;243;137;0;0;233;245
65;0;Kein Tester;Beendet (31);6898888;Null;264;weiblich;1997;Bachelorabschluss;Nordrhein-Westfalen;Nein;Ja;teils-teils;stimme nicht zu;stimme nicht zu;stimme eher zu;neutral;Ja;Null;Null;Null;"Mozilla/5.0 (iPhone; CPU iPhone OS 14_6 like Mac OS X) AppleWebKit/605.1.15 (KHTML, like Gecko) Version/14.1.1 Mobile/15E148 Safari/604.1";Null;0;0;Null;0;6898876,6898877,6898878,6904232,6904243,6898880,6898881,6904237,6905236,6905237,6904242,6905174,6912113,6898888;Nicht geflipped;Geflippt;HTML;Null;Null;ee7da6289b5c38bbdb0855b24568899f;Deutsch;Nicht bereinigt;1623939769;17.06.2021 14:22;17.06.2021 14:27;0000-00-00 00:00:00;13;30;80;223;0;125;0;228;261;176;0;0;247;264
67;0;Kein Tester;Beendet (31);6898888;Null;1065;weiblich;1999;Allgemeine Hochschulreife / Abitur;Nordrhein-Westfalen;Weiß ich nicht;Ja;stimme eher zu;teils-teils;stimme nicht zu;teils-teils;2;Nein;Kurzen, strikten Lockdown (Bsp.: China, Australien);Null;Am frustrierendsten sind die zahlreichen Masken-Skandale und die negative Einstellung gegenüber der Wissenschaft und wissenschaftlichen Prognosen der Politik. Es wurden auch oft zu wenig Masken/Tests/Impfungen gekauft. Das alles sind Punkte, in denen die Politik Verantwortung trägt und dieser nicht gerecht wird. Gleichzeitig erwartet die Politik von uns Bürgern jedoch unserer Verantwortung gerecht zu werden und alle Regeln einzuhalten und teilweise auch die Fehler der Politik glattzubügeln.;"Mozilla/5.0 (Linux; Android 11; SAMSUNG SM-A725F) AppleWebKit/537.36 (KHTML, like Gecko) SamsungBrowser/14.0 Chrome/87.0.4280.141 Mobile Safari/537.36";Null;0;0;Null;0;6898876,6898877,6898877,6898877,6898877,6898877,6898878,6904232,6904243,6898880,6898881,6904237,6905236,6905237,6904242,6905174,6905176,6912113,6898888;Nicht geflipped;Nicht geflipped;HTML;Null;Null;89cc1fa1145fdff3d50d6a9575e7111e;Deutsch;Nicht bereinigt;1623942323;17.06.2021 15:05;17.06.2021 15:23;0000-00-00 00:00:00;42;551;605;769;0;662;0;775;813;702;822;0;794;1065
68;0;Kein Tester;Beendet (31);6898888;Null;196;weiblich;1991;Fachhochschulreife;Nordrhein-Westfalen;Nein;Ja;stimme eher zu;teils-teils;teils-teils;stimme eher nicht zu;2;Ja;Null;Null;Null;"Mozilla/5.0 (iPhone; CPU iPhone OS 14_6 like Mac OS X) AppleWebKit/605.1.15 (KHTML, like Gecko) Version/14.1.1 Mobile/15E148 Safari/604.1";Null;0;0;Null;0;6898876,6898877,6898878,6904232,6904243,6898880,6898881,6904237,6905236,6905237,6904242,6905174,6912113,6898888;Geflippt;Nicht geflipped;HTML;Null;Null;c1396324990c997739636d1f8cf4ed86;Deutsch;Nicht bereinigt;1623942552;17.06.2021 15:09;17.06.2021 15:12;0000-00-00 00:00:00;14;38;66;155;0;99;0;160;193;124;0;0;179;196
69;0;Kein Tester;Beendet (31);6898888;Null;863;weiblich;1996;Allgemeine Hochschulreife / Abitur;Nordrhein-Westfalen;Nein;Nein;Null;Null;Null;Null;sehr unzufrieden;Nein;Sonstige und zwar:;Sinnvolle Regeln erstellen! ;Null;"Mozilla/5.0 (Linux; Android 10; Redmi Note 8T) AppleWebKit/537.36 (KHTML, like Gecko) Chrome/91.0.4472.101 Mobile Safari/537.36";Null;0;0;Null;0;6898876,6898877,6898878,6904232,6904243,6898880,6898881,6904237,6905236,6904242,6905174,6905176,6912113,6898888;Nicht geflipped;Geflippt;HTML;Null;Null;5c7cad2b476029c018adfeb98520e4ad;Deutsch;Nicht bereinigt;1623942800;17.06.2021 15:13;17.06.2021 15:27;0000-00-00 00:00:00;510;528;568;814;0;645;0;820;833;721;861;0;0;863
70;0;Kein Tester;Beendet (31);6898888;Null;286;weiblich;1998;Allgemeine Hochschulreife / Abitur;Nordrhein-Westfalen;Nein;Ja;stimme zu;teils-teils;stimme nicht zu;stimme eher nicht zu;neutral;Ja;Null;Null;Null;"Mozilla/5.0 (iPhone; CPU iPhone OS 14_6 like Mac OS X) AppleWebKit/605.1.15 (KHTML, like Gecko) Version/14.1.1 Mobile/15E148 Safari/604.1";Null;0;0;Null;0;6898876,6898877,6898878,6904232,6904243,6898880,6898881,6904237,6905236,6905237,6904242,6905174,6912113,6898888;Nicht geflipped;Nicht geflipped;HTML;Null;Null;c5960c6c2063e26e057928c3ff9ee490;Deutsch;Nicht bereinigt;1623943709;17.06.2021 15:28;17.06.2021 15:33;0000-00-00 00:00:00;9;49;102;228;0;139;0;237;278;168;0;0;265;286
71;0;Kein Tester;Beendet (31);6898888;Null;336;weiblich;1997;Bachelorabschluss;Nordrhein-Westfalen;Nein;Nein;Null;Null;Null;Null;neutral;Nein;Kurzen, strikten Lockdown (Bsp.: China, Australien);Null;Null;"Mozilla/5.0 (iPhone; CPU iPhone OS 14_5_1 like Mac OS X) AppleWebKit/605.1.15 (KHTML, like Gecko) Version/14.1 Mobile/15E148 Safari/604.1";Null;0;0;Null;0;6898876,6898877,6898878,6904232,6904243,6898880,6898881,6904237,6905236,6904242,6905174,6905176,6912113,6898888;Nicht geflipped;Geflippt;HTML;Null;Null;b3d2c665c176a975469d371e8f23f8b8;Deutsch;Nicht bereinigt;1623951768;17.06.2021 17:42;17.06.2021 17:48;0000-00-00 00:00:00;6;28;80;295;0;163;0;302;324;220;333;0;0;336
72;0;Kein Tester;Beendet (31);6898888;Null;372;weiblich;1999;Bachelorabschluss;Baden-Württemberg;Nein;Nein;Null;Null;Null;Null;4;Ja;Null;Null;Null;"Mozilla/5.0 (Linux; Android 10; SAMSUNG SM-A515F) AppleWebKit/537.36 (KHTML, like Gecko) SamsungBrowser/14.0 Chrome/87.0.4280.141 Mobile Safari/537.36";Null;0;0;Null;0;6898876,6898877,6898878,6904232,6904243,6898880,6898881,6904237,6905236,6904242,6905174,6912113,6898888;Geflippt;Nicht geflipped;HTML;Null;Null;110b51fadba7434fae5645c3a044e4a9;Deutsch;Nicht bereinigt;1623959107;17.06.2021 19:45;17.06.2021 19:51;0000-00-00 00:00:00;36;73;146;344;0;204;0;353;368;285;0;0;0;372
75;0;Kein Tester;Beendet (31);6898888;Null;252;weiblich;1997;Allgemeine Hochschulreife / Abitur;Nordrhein-Westfalen;Nein;Ja;stimme zu;teils-teils;stimme eher nicht zu;stimme eher nicht zu;neutral;Nein;Kurzen, strikten Lockdown (Bsp.: China, Australien);Null;Null;"Mozilla/5.0 (Macintosh; Intel Mac OS X 10_15_6) AppleWebKit/605.1.15 (KHTML, like Gecko) Version/14.0.3 Safari/605.1.15";Null;0;0;Null;0;6898876,6898877,6898878,6904232,6904243,6898880,6898881,6904237,6905236,6905237,6904242,6905174,6905176,6912113,6898888;Nicht geflipped;Nicht geflipped;HTML;Null;Null;9d058cc1f25f1a394152318e1cbb99b3;Deutsch;Nicht bereinigt;1624019029;18.06.2021 12:23;18.06.2021 12:28;0000-00-00 00:00:00;19;46;73;166;0;106;0;218;244;150;251;0;236;252
76;0;Kein Tester;Beendet (31);6898888;Null;291;weiblich;1998;Masterabschluss;Baden-Württemberg;Nein;Ja;teils-teils;stimme nicht zu;stimme nicht zu;stimme eher zu;2;Nein;Kurzen, strikten Lockdown (Bsp.: China, Australien);Null;Null;"Mozilla/5.0 (iPhone; CPU iPhone OS 14_6 like Mac OS X) AppleWebKit/605.1.15 (KHTML, like Gecko) Version/14.1.1 Mobile/15E148 Safari/604.1";Null;0;0;Null;0;6898876,6898877,6898878,6904232,6904243,6898880,6898881,6904237,6905236,6905237,6904242,6905174,6905176,6912113,6898888;Nicht geflipped;Nicht geflipped;HTML;Null;Null;c3f8f568cdec2a7adb8b4a1326687c62;Deutsch;Nicht bereinigt;1624019336;18.06.2021 12:28;18.06.2021 12:33;0000-00-00 00:00:00;7;27;49;245;0;110;0;252;278;185;288;0;269;291
77;0;Kein Tester;Beendet (31);6898888;Null;1020;männlich;1967;Realschulabschluss / Mittlere Reife;Nordrhein-Westfalen;Nein;Ja;stimme zu;teils-teils;stimme eher nicht zu;stimme zu;4;Ja;Null;Null;Nach der 2. Impfung sollte regelmäßig die Impfung aufgefrischt werden. Corona wird uns die nächsten Jahre weiterhin begleiten.;"Mozilla/5.0 (Linux; Android 11; SM-A715F) AppleWebKit/537.36 (KHTML, like Gecko) Chrome/91.0.4472.101 Mobile Safari/537.36";Null;0;0;Null;0;6898876,6898877,6898878,6904232,6904243,6898880,6898881,6904237,6905236,6905237,6904242,6905174,6912113,6898888;Nicht geflipped;Geflippt;HTML;Null;Null;dbccda608e8a4841069fedbdd63578e6;Deutsch;Nicht bereinigt;1624019575;18.06.2021 12:32;18.06.2021 12:49;0000-00-00 00:00:00;43;127;234;746;0;359;0;764;893;455;0;0;819;1020
78;0;Kein Tester;Beendet (31);6898888;Null;379;weiblich;1999;Fachhochschulreife;Nordrhein-Westfalen;Nein;Ja;teils-teils;stimme eher zu;stimme eher nicht zu;stimme zu;2;Nein;Kurzen, strikten Lockdown (Bsp.: China, Australien);Null;Null;"Mozilla/5.0 (iPhone; CPU iPhone OS 14_6 like Mac OS X) AppleWebKit/605.1.15 (KHTML, like Gecko) Version/14.1.1 Mobile/15E148 Safari/604.1";Null;0;0;Null;0;6898876,6898877,6898878,6904232,6904243,6898880,6898881,6904237,6905236,6905237,6904242,6905174,6905176,6912113,6898888;Nicht geflipped;Nicht geflipped;HTML;Null;Null;10362cc4bce356e803ccdef0cdad61a6;Deutsch;Nicht bereinigt;1624019649;18.06.2021 12:34;18.06.2021 12:40;0000-00-00 00:00:00;73;120;185;311;0;220;0;321;364;258;375;0;350;379
80;0;Kein Tester;Beendet (31);6898888;Null;333;weiblich;1999;Bachelorabschluss;Nordrhein-Westfalen;Nein;Ja;stimme zu;stimme zu;stimme nicht zu;teils-teils;neutral;Ja;Null;Null;Null;"Mozilla/5.0 (Windows NT 10.0; Win64; x64) AppleWebKit/537.36 (KHTML, like Gecko) Chrome/91.0.4472.101 Safari/537.36";Null;0;0;Null;0;6898876,6898877,6898878,6904232,6904243,6898880,6898881,6904237,6905236,6905237,6904242,6905174,6912113,6898888;Geflippt;Nicht geflipped;HTML;Null;Null;f2172edb03ed56a1158548688c1d646c;Deutsch;Nicht bereinigt;1624021644;18.06.2021 13:07;18.06.2021 13:12;0000-00-00 00:00:00;32;46;57;288;0;193;0;293;331;243;0;0;318;333
81;0;Kein Tester;Beendet (31);6898888;Null;1012;weiblich;1996;Bachelorabschluss;Nordrhein-Westfalen;Nein;Ja;stimme eher zu;stimme nicht zu;stimme nicht zu;stimme eher zu;2;Ja;Null;Null;Bundesnotbremse kam zu spät, bei Kontakten war Haushaltsregel unter 5 Personen besser als nur ein Haushalt und eine weitere Person.;"Mozilla/5.0 (iPhone; CPU iPhone OS 14_6 like Mac OS X) AppleWebKit/605.1.15 (KHTML, like Gecko) Version/14.1.1 Mobile/15E148 Safari/604.1";Null;0;0;Null;0;6898876,6898877,6898878,6904232,6904243,6898880,6898881,6904237,6905236,6905237,6904242,6905174,6912113,6898888;Geflippt;Nicht geflipped;HTML;Null;Null;1fd8ad92a9744276e26c9b297f2cf064;Deutsch;Nicht bereinigt;1624022059;18.06.2021 13:14;18.06.2021 13:31;0000-00-00 00:00:00;4;736;773;917;0;806;0;922;960;869;0;0;951;1012
82;0;Kein Tester;Beendet (31);6898888;Null;420;männlich;1993;Bachelorabschluss;Nordrhein-Westfalen;Nein;Nein;Null;Null;Null;Null;2;Ja;Null;Null;Null;"Mozilla/5.0 (X11; Ubuntu; Linux x86_64; rv:89.0) Gecko/20100101 Firefox/89.0";Null;0;0;Null;0;6898876,6898877,6898878,6904232,6904243,6898880,6898881,6904237,6905236,6904242,6905174,6912113,6898888;Geflippt;Nicht geflipped;HTML;Null;Null;00917ae3f8c1342018c22b29bc92c9ab;Deutsch;Nicht bereinigt;1624026774;18.06.2021 14:32;18.06.2021 14:39;0000-00-00 00:00:00;33;62;138;381;0;241;0;389;411;312;0;0;0;420
83;0;Kein Tester;Beendet nach Unterbrechung (32);6898888;Null;-1;weiblich;2000;Allgemeine Hochschulreife / Abitur;Nordrhein-Westfalen;Weiß ich nicht;Ja;stimme zu;stimme nicht zu;stimme nicht zu;stimme zu;4;Ja;Null;Null;Null;"Mozilla/5.0 (Linux; Android 9; SAMSUNG SM-J730F) AppleWebKit/537.36 (KHTML, like Gecko) SamsungBrowser/12.1 Chrome/79.0.3945.136 Mobile Safari/537.36";Null;0;0;Null;0;6898876,6898877,6898877,6898877,6898878,6904232,6904243,6898880,6898881,6904237,6905236,6905237,6904242,6905174,6912113,6898888;Geflippt;Geflippt;HTML;Null;Null;f8ea096684084968e344d95d701df7c5;Deutsch;Nicht bereinigt;1624027887;18.06.2021 14:51;18.06.2021 19:36;0000-00-00 00:00:00;7;16941;16981;17097;0;17022;0;17101;17123;17057;0;0;17113;17124
84;0;Kein Tester;Beendet (31);6898888;Null;676;weiblich;1966;Fachhochschulreife;Nordrhein-Westfalen;Nein;Ja;stimme eher zu;teils-teils;stimme eher nicht zu;teils-teils;4;Ja;Null;Null;Negativ große Unternehmen werden unterstützt kleine Unternehmen Geschäfte müssen lange auf finanzielle Unterstützung warten.Viele werden pleite gehen. ;"Mozilla/5.0 (Linux; Android 11; SM-A505FN) AppleWebKit/537.36 (KHTML, like Gecko) Chrome/91.0.4472.101 Mobile Safari/537.36";Null;0;0;Null;0;6898876,6898877,6898878,6904232,6904243,6898880,6898881,6904237,6905236,6905237,6904242,6905174,6912113,6898888;Nicht geflipped;Geflippt;HTML;Null;Null;b65527ab6c8b072de229bca785725ab8;Deutsch;Nicht bereinigt;1624033861;18.06.2021 16:31;18.06.2021 16:42;0000-00-00 00:00:00;35;119;262;438;0;341;0;449;559;392;0;0;535;676
86;0;Kein Tester;Beendet (31);6898888;Null;355;weiblich;1999;Bachelorabschluss;Nordrhein-Westfalen;Nein;Ja;stimme zu;stimme eher nicht zu;stimme eher nicht zu;stimme nicht zu;neutral;Nein;Kurzen, strikten Lockdown (Bsp.: China, Australien);Null;Null;"Mozilla/5.0 (Linux; Android 11; SAMSUNG SM-G975F) AppleWebKit/537.36 (KHTML, like Gecko) SamsungBrowser/14.0 Chrome/87.0.4280.141 Mobile Safari/537.36";Null;0;0;Null;0;6898876,6898877,6898878,6904232,6904243,6898880,6898881,6904237,6905236,6905237,6904242,6905174,6905176,6912113,6898888;Geflippt;Geflippt;HTML;Null;Null;ba257e97ac96457a1ecdf914cb027ecb;Deutsch;Nicht bereinigt;1624046698;18.06.2021 20:04;18.06.2021 20:10;0000-00-00 00:00:00;24;48;104;285;0;169;0;295;343;229;352;0;324;355
87;0;Kein Tester;Beendet (31);6898888;Null;363;männlich;1998;Allgemeine Hochschulreife / Abitur;Nordrhein-Westfalen;Nein;Ja;stimme eher nicht zu;teils-teils;teils-teils;teils-teils;2;Ja;Null;Null;Null;"Mozilla/5.0 (iPhone; CPU iPhone OS 14_6 like Mac OS X) AppleWebKit/605.1.15 (KHTML, like Gecko) Version/14.1.1 Mobile/15E148 Safari/604.1";Null;0;0;Null;0;6898876,6898877,6898878,6904232,6904243,6898880,6898881,6904237,6905236,6905237,6904242,6905174,6912113,6898888;Nicht geflipped;Nicht geflipped;HTML;Null;Null;74d6d8975ac162dabf537d73abc5e235;Deutsch;Nicht bereinigt;1624098777;19.06.2021 10:32;19.06.2021 10:39;0000-00-00 00:00:00;15;34;117;287;0;191;0;298;353;245;0;0;330;363
91;0;Kein Tester;Beendet (31);6898888;Null;416;weiblich;2000;Allgemeine Hochschulreife / Abitur;Nordrhein-Westfalen;Nein;Ja;stimme zu;teils-teils;stimme nicht zu;stimme eher nicht zu;sehr unzufrieden;Nein;Kurzen, strikten Lockdown (Bsp.: China, Australien);Null;Bei der Impfung würde nicht nach erst und/oder zweit Impfung gefragt. Ich war etwas verunsichert, da ich mich jetzt nach der ersten nicht so sicher fühle wie wenn ich die zweite hätte. ;"Mozilla/5.0 (Linux; Android 7.0; SAMSUNG SM-A310F) AppleWebKit/537.36 (KHTML, like Gecko) SamsungBrowser/14.0 Chrome/87.0.4280.141 Mobile Safari/537.36";Null;0;0;Null;0;6898876,6898877,6898878,6904232,6904243,6898880,6898881,6904237,6905236,6905237,6904242,6905174,6905176,6912113,6898888;Nicht geflipped;Nicht geflipped;HTML;Null;Null;fa436bdee59d3a347f8e8951be57d764;Deutsch;Nicht bereinigt;1624167497;20.06.2021 05:38;20.06.2021 05:45;0000-00-00 00:00:00;21;46;98;276;0;164;0;283;329;226;339;0;314;416
94;0;Kein Tester;Beendet (31);6898888;Null;636;männlich;1966;Fachhochschulreife;Nordrhein-Westfalen;Nein;Ja;teils-teils;stimme nicht zu;stimme nicht zu;stimme nicht zu;4;Ja;Null;Null;Null;"Mozilla/5.0 (Linux; Android 10; MAR-LX1B) AppleWebKit/537.36 (KHTML, like Gecko) Chrome/91.0.4472.101 Mobile Safari/537.36";Null;0;0;Null;0;6898876,6898877,6898878,6904232,6904243,6898880,6898881,6904237,6905236,6905237,6904242,6905174,6912113,6898888;Nicht geflipped;Nicht geflipped;HTML;Null;Null;e3e1883715186068b98dde87f2e86b2f;Deutsch;Nicht bereinigt;1624204598;20.06.2021 15:56;20.06.2021 16:07;0000-00-00 00:00:00;59;143;243;505;0;331;0;524;632;404;0;0;608;636
97;0;Kein Tester;Beendet (31);6898888;Null;515;weiblich;1996;Bachelorabschluss;Nordrhein-Westfalen;Nein;Ja;teils-teils;stimme eher zu;teils-teils;teils-teils;2;Nein;Kurzen, strikten Lockdown (Bsp.: China, Australien);Null;Null;"Mozilla/5.0 (Linux; Android 11; SAMSUNG SM-G986B/G986BXXU7DUE1) AppleWebKit/537.36 (KHTML, like Gecko) SamsungBrowser/14.0 Chrome/87.0.4280.141 Mobile Safari/537.36";Null;0;0;Null;0;6898876,6898877,6898878,6904232,6904243,6898880,6898881,6904237,6905236,6905237,6904242,6905174,6905176,6912113,6898888;Nicht geflipped;Geflippt;HTML;Null;Null;48fe7d84964543e4a8b4e80aa7c856c5;Deutsch;Nicht bereinigt;1624207482;20.06.2021 16:44;20.06.2021 16:53;0000-00-00 00:00:00;9;48;121;456;0;245;0;463;502;324;512;0;487;515
98;0;Kein Tester;Beendet (31);6898888;Null;231;männlich;1996;Fachhochschulreife;Nordrhein-Westfalen;Nein;Nein;Null;Null;Null;Null;2;Ja;Null;Null;Null;"Mozilla/5.0 (Linux; Android 10; LYA-L09) AppleWebKit/537.36 (KHTML, like Gecko) Chrome/91.0.4472.101 Mobile Safari/537.36";Null;0;0;Null;0;6898876,6898877,6898878,6904232,6904243,6898880,6898881,6904237,6905236,6904242,6905174,6912113,6898888;Nicht geflipped;Geflippt;HTML;Null;Null;33ce99744123827507625bfec628dc40;Deutsch;Nicht bereinigt;1624207550;20.06.2021 16:45;20.06.2021 16:49;0000-00-00 00:00:00;7;42;84;194;0;123;0;203;220;162;0;0;0;231
99;0;Kein Tester;Beendet (31);6898888;Null;446;männlich;1987;Allgemeine Hochschulreife / Abitur;Nordrhein-Westfalen;Nein;Ja;stimme eher zu;teils-teils;stimme eher nicht zu;stimme nicht zu;2;Nein;Sonstige und zwar:;Ausgewogene einzelfallregelungen;Null;"Mozilla/5.0 (Linux; Android 10; SAMSUNG SM-A207F) AppleWebKit/537.36 (KHTML, like Gecko) SamsungBrowser/11.0 Chrome/75.0.3770.143 Mobile Safari/537.36";Null;0;0;Null;0;6898876,6898877,6898878,6904232,6904243,6898880,6898881,6904237,6905236,6905237,6904242,6905174,6905176,6912113,6898888;Nicht geflipped;Nicht geflipped;HTML;Null;Null;fc8b8fe53de6778193497f37d04de1d5;Deutsch;Nicht bereinigt;1624208068;20.06.2021 16:54;20.06.2021 17:01;0000-00-00 00:00:00;93;131;182;356;0;260;0;361;414;302;444;0;391;446
100;0;Kein Tester;Beendet (31);6898888;Null;336;männlich;1997;Allgemeine Hochschulreife / Abitur;Nordrhein-Westfalen;Nein;Nein;Null;Null;Null;Null;neutral;Ja;Null;Null;Null;"Mozilla/5.0 (Linux; Android 9; VTR-L09) AppleWebKit/537.36 (KHTML, like Gecko) Chrome/80.0.3987.119 Mobile Safari/537.36";Null;0;0;Null;0;6898876,6898877,6898878,6904232,6904243,6898880,6898881,6904237,6905236,6904242,6905174,6912113,6898888;Geflippt;Geflippt;HTML;Null;Null;95e60abe263520ee5db49898992c5f4d;Deutsch;Nicht bereinigt;1624208138;20.06.2021 16:55;20.06.2021 17:01;0000-00-00 00:00:00;8;40;128;312;0;174;0;320;333;272;0;0;0;336
102;0;Kein Tester;Beendet (31);6898888;Null;187;weiblich;1996;Fachhochschulreife;Nordrhein-Westfalen;Ja;Nein;Null;Null;Null;Null;neutral;Ja;Null;Null;Null;"Mozilla/5.0 (iPhone; CPU iPhone OS 14_6 like Mac OS X) AppleWebKit/605.1.15 (KHTML, like Gecko) Version/14.1.1 Mobile/15E148 Safari/604.1";Null;0;0;Null;0;6898876,6898877,6898878,6904232,6904243,6898880,6898881,6904237,6905236,6904242,6905174,6912113,6898888;Nicht geflipped;Geflippt;HTML;Null;Null;ec730a09d3d642a598d1669d4a4c59f1;Deutsch;Nicht bereinigt;1624208301;20.06.2021 16:58;20.06.2021 17:01;0000-00-00 00:00:00;7;30;74;165;0;123;0;171;184;142;0;0;0;187
104;0;Kein Tester;Beendet (31);6898888;Null;257;weiblich;1993;Bachelorabschluss;Nordrhein-Westfalen;Nein;Ja;stimme eher zu;teils-teils;stimme nicht zu;stimme eher nicht zu;neutral;Ja;Null;Null;Null;"Mozilla/5.0 (Linux; Android 10; MAR-LX1B) AppleWebKit/537.36 (KHTML, like Gecko) Chrome/91.0.4472.101 Mobile Safari/537.36";Null;0;0;Null;0;6898876,6898877,6898878,6904232,6904243,6898880,6898881,6904237,6905236,6905237,6904242,6905174,6912113,6898888;Nicht geflipped;Geflippt;HTML;Null;Null;eeda4a4780f88dda5de8f2dfed7bb8b1;Deutsch;Nicht bereinigt;1624210869;20.06.2021 17:41;20.06.2021 17:45;0000-00-00 00:00:00;36;57;115;195;0;143;0;202;254;171;0;0;234;257
108;0;Kein Tester;Beendet (31);6898888;Null;573;weiblich;1967;Realschulabschluss / Mittlere Reife;Nordrhein-Westfalen;Nein;Ja;stimme zu;stimme zu;stimme nicht zu;stimme nicht zu;4;Ja;Null;Null;Null;"Mozilla/5.0 (Linux; Android 8.0.0; WAS-LX1A) AppleWebKit/537.36 (KHTML, like Gecko) Chrome/88.0.4324.181 Mobile Safari/537.36 (Ecosia android@88.0.4324.181)";Null;0;0;Null;0;6898876,6898877,6898878,6904232,6904243,6898880,6898881,6904237,6905236,6905237,6904242,6905174,6912113,6898888;Nicht geflipped;Geflippt;HTML;Null;Null;5b6a33adfe41ef125ee8a4924c2c9cf8;Deutsch;Nicht bereinigt;1624211457;20.06.2021 17:50;20.06.2021 18:00;0000-00-00 00:00:00;11;43;136;490;0;269;0;498;569;352;0;0;546;573
110;0;Kein Tester;Beendet (31);6898888;Null;304;weiblich;1993;Allgemeine Hochschulreife / Abitur;Nordrhein-Westfalen;Nein;Ja;stimme zu;stimme zu;teils-teils;stimme nicht zu;4;Ja;Null;Null;Null;"Mozilla/5.0 (iPhone; CPU iPhone OS 14_4 like Mac OS X) AppleWebKit/605.1.15 (KHTML, like Gecko) Version/14.0.3 Mobile/15E148 Safari/604.1";Null;0;0;Null;0;6898876,6898877,6898878,6904232,6904243,6898880,6898881,6904237,6905236,6905237,6904242,6905174,6912113,6898888;Nicht geflipped;Geflippt;HTML;Null;Null;34e977c0a28c12e596fc9cffcbfab4bf;Deutsch;Nicht bereinigt;1624211749;20.06.2021 17:55;20.06.2021 18:00;0000-00-00 00:00:00;24;49;101;262;0;156;0;269;301;230;0;0;291;304
111;0;Kein Tester;Beendet (31);6898888;Null;389;männlich;1955;Realschulabschluss / Mittlere Reife;Nordrhein-Westfalen;Nein;Ja;stimme eher zu;stimme eher nicht zu;stimme nicht zu;stimme nicht zu;4;Ja;Null;Null;Null;"Mozilla/5.0 (Linux; Android 7.0) AppleWebKit/537.36 (KHTML, like Gecko) Chrome/90.0.4430.212 Mobile Safari/537.36";Null;0;0;Null;0;6898876,6898877,6898878,6904232,6904243,6898880,6898881,6904237,6905236,6905237,6904242,6905174,6912113,6898888;Geflippt;Nicht geflipped;HTML;Null;Null;f7ca078a29b5e06c819cf5c98fbd1e9a;Deutsch;Nicht bereinigt;1624212196;20.06.2021 18:03;20.06.2021 18:09;0000-00-00 00:00:00;22;78;132;305;0;191;0;318;385;255;0;0;368;389
114;0;Kein Tester;Beendet (31);6898888;Null;380;weiblich;1993;Allgemeine Hochschulreife / Abitur;Nordrhein-Westfalen;Nein;Nein;Null;Null;Null;Null;2;Nein;Kurzen, strikten Lockdown (Bsp.: China, Australien);Null;Null;"Mozilla/5.0 (iPhone; CPU iPhone OS 14_6 like Mac OS X) AppleWebKit/605.1.15 (KHTML, like Gecko) Version/14.1.1 Mobile/15E148 Safari/604.1";Null;0;0;Null;0;6898876,6898877,6898878,6904232,6904243,6898880,6898881,6904237,6905236,6904242,6905174,6905176,6912113,6898888;Geflippt;Nicht geflipped;HTML;Null;Null;a4b0817ddf6b4607d7468cdc00cba55f;Deutsch;Nicht bereinigt;1624213725;20.06.2021 18:28;20.06.2021 18:35;0000-00-00 00:00:00;6;31;72;252;0;111;0;331;353;146;370;0;0;380
118;0;Kein Tester;Beendet nach Unterbrechung (32);6898888;Null;-1;weiblich;1961;Realschulabschluss / Mittlere Reife;Nordrhein-Westfalen;Nein;Ja;teils-teils;stimme eher nicht zu;stimme nicht zu;stimme nicht zu;4;Ja;Null;Null;Null;"Mozilla/5.0 (Android 10; Mobile; rv:64.0) Gecko/64.0 Firefox/64.0";Null;0;0;Null;0;6898876,6898877,6898878,6904232,6904243,6898880,6898881,6904237,6905236,6905237,6904242,6905174,6912113,6898888;Nicht geflipped;Geflippt;HTML;Null;Null;a16683bc896c6c90205b45f7cc868ef7;Deutsch;Nicht bereinigt;1624214849;20.06.2021 18:47;20.06.2021 20:38;0000-00-00 00:00:00;7;59;240;907;0;401;0;917;6641;494;0;0;6611;6646
120;0;Kein Tester;Beendet (31);6898888;Null;601;männlich;1977;Realschulabschluss / Mittlere Reife;Nordrhein-Westfalen;Nein;Nein;Null;Null;Null;Null;2;Nein;Kurzen, strikten Lockdown (Bsp.: China, Australien);Null;Null;"Mozilla/5.0 (Linux; Android 9; SAMSUNG SM-G960F) AppleWebKit/537.36 (KHTML, like Gecko) SamsungBrowser/14.0 Chrome/87.0.4280.141 Mobile Safari/537.36";Null;0;0;Null;0;6898876,6898877,6898878,6904232,6904243,6898880,6898881,6904237,6905236,6904242,6905174,6905176,6912113,6898888;Nicht geflipped;Geflippt;HTML;Null;Null;2762da92b8ff8571a719028e92100d91;Deutsch;Nicht bereinigt;1624214953;20.06.2021 18:49;20.06.2021 18:59;0000-00-00 00:00:00;46;135;251;549;0;362;0;559;580;460;594;0;0;601
123;0;Kein Tester;Beendet (31);6898888;Null;757;weiblich;1992;Bachelorabschluss;Nordrhein-Westfalen;Nein;Nein;Null;Null;Null;Null;sehr unzufrieden;Nein;Sonstige und zwar:;Null;Kiene Fragen;"Mozilla/5.0 (Macintosh; Intel Mac OS X 10_15_6) AppleWebKit/605.1.15 (KHTML, like Gecko) Version/14.1.1 Safari/605.1.15";Null;0;0;Null;0;6898876,6898877,6898878,6904232,6904243,6898880,6898881,6904237,6905236,6904242,6905174,6905176,6912113,6898888;Geflippt;Geflippt;HTML;Null;Null;e90836a1364990ab0bd8b97d026907ea;Deutsch;Nicht bereinigt;1624215811;20.06.2021 19:03;20.06.2021 19:16;0000-00-00 00:00:00;73;96;178;641;0;290;0;649;693;559;745;0;0;757
124;0;Kein Tester;Beendet (31);6898888;Null;214;männlich;1996;Fachhochschulreife;Nordrhein-Westfalen;Nein;Nein;Null;Null;Null;Null;4;Ja;Null;Null;Null;"Mozilla/5.0 (Android 11; Mobile; rv:89.0) Gecko/89.0 Firefox/89.0";Null;0;0;Null;0;6898876,6898877,6898878,6904232,6904243,6898880,6898881,6904237,6905236,6904242,6905174,6912113,6898888;Nicht geflipped;Geflippt;HTML;Null;Null;129889b3bda9472cbde9513601d485b8;Deutsch;Nicht bereinigt;1624215882;20.06.2021 19:04;20.06.2021 19:08;0000-00-00 00:00:00;5;24;78;195;0;121;0;202;212;163;0;0;0;214
127;0;Kein Tester;Beendet (31);6898888;Null;147;weiblich;2006;Realschulabschluss / Mittlere Reife;Nordrhein-Westfalen;Nein;Nein;Null;Null;Null;Null;neutral;Ja;Null;Null;Null;"Mozilla/5.0 (iPhone; CPU iPhone OS 14_6 like Mac OS X) AppleWebKit/605.1.15 (KHTML, like Gecko) Version/14.1.1 Mobile/15E148 Safari/604.1";Null;0;0;Null;0;6898876,6898877,6898878,6904232,6904243,6898880,6898881,6904237,6905236,6904242,6905174,6912113,6898888;Geflippt;Geflippt;HTML;Null;Null;a5c7959ca79d7d7b8698f88a559b7bde;Deutsch;Nicht bereinigt;1624217894;20.06.2021 19:38;20.06.2021 19:40;0000-00-00 00:00:00;5;39;96;109;0;103;0;121;143;104;0;0;0;147
128;0;Kein Tester;Beendet (31);6898888;Null;1054;männlich;2000;Allgemeine Hochschulreife / Abitur;Nordrhein-Westfalen;Nein;Ja;stimme eher zu;stimme eher nicht zu;teils-teils;stimme eher nicht zu;2;Nein;Kurzen, strikten Lockdown (Bsp.: China, Australien);Null;Null;"Mozilla/5.0 (iPhone; CPU iPhone OS 14_6 like Mac OS X) AppleWebKit/605.1.15 (KHTML, like Gecko) Version/14.1.1 Mobile/15E148 Safari/604.1";Null;0;0;Null;0;6898876,6898877,6898878,6904232,6904243,6898880,6898881,6904237,6905236,6905237,6904242,6905174,6905176,6912113,6898888;Nicht geflipped;Nicht geflipped;HTML;Null;Null;a973ad331b5715fe35d5aea5818c5604;Deutsch;Nicht bereinigt;1624218839;20.06.2021 19:53;20.06.2021 20:11;0000-00-00 00:00:00;11;53;746;963;0;825;0;973;1030;886;1050;0;1005;1054
129;0;Kein Tester;Beendet (31);6898888;Null;288;divers;1948;Hauptschulabschluss;Nordrhein-Westfalen;Nein;Ja;stimme zu;teils-teils;stimme nicht zu;teils-teils;sehr zufrieden;Ja;Null;Null;Null;"Mozilla/5.0 (Linux; Android 9; INE-LX1) AppleWebKit/537.36 (KHTML, like Gecko) Chrome/90.0.4430.210 Mobile Safari/537.36";Null;0;0;Null;0;6898876,6898877,6898878,6904232,6904243,6898880,6898881,6904237,6905236,6905237,6904242,6905174,6912113,6898888;Nicht geflipped;Geflippt;HTML;Null;Null;9868c9a995736d3ba26a6ddb45eb0cb4;Deutsch;Nicht bereinigt;1624219224;20.06.2021 20:00;20.06.2021 20:05;0000-00-00 00:00:00;38;60;105;255;0;149;0;260;285;204;0;0;274;288
132;0;Kein Tester;Beendet (31);6898888;Null;222;weiblich;2002;Allgemeine Hochschulreife / Abitur;Nordrhein-Westfalen;Nein;Nein;Null;Null;Null;Null;sehr unzufrieden;Nein;Kurzen, strikten Lockdown (Bsp.: China, Australien);Null;Null;"Mozilla/5.0 (iPhone; CPU iPhone OS 14_4_2 like Mac OS X) AppleWebKit/605.1.15 (KHTML, like Gecko) Version/14.0.3 Mobile/15E148 Safari/604.1";Null;0;0;Null;0;6898876,6898877,6898878,6904232,6904243,6898880,6898881,6904237,6905236,6904242,6905174,6905176,6912113,6898888;Nicht geflipped;Geflippt;HTML;Null;Null;a525d3695c2e5b02a654d279266976f3;Deutsch;Nicht bereinigt;1624223859;20.06.2021 21:17;20.06.2021 21:21;0000-00-00 00:00:00;7;27;86;186;0;115;0;193;205;148;220;0;0;222
133;0;Kein Tester;Beendet (31);6898888;Null;274;weiblich;2002;Fachhochschulreife;Nordrhein-Westfalen;Ja;Nein;Null;Null;Null;Null;sehr unzufrieden;Nein;Kurzen, strikten Lockdown (Bsp.: China, Australien);Null;Logische Denkweise, 4 Wochen zwischen 4 Wänden da wird jeder verrückt. ;"Mozilla/5.0 (iPhone; CPU iPhone OS 14_4_2 like Mac OS X) AppleWebKit/605.1.15 (KHTML, like Gecko) Version/14.0.3 Mobile/15E148 Safari/604.1";Null;0;0;Null;0;6898876,6898877,6898878,6904232,6904243,6898880,6898881,6904237,6905236,6904242,6905174,6905176,6912113,6898888;Nicht geflipped;Geflippt;HTML;Null;Null;097b8d1bf73110fd11cc8e7b5492a01b;Deutsch;Nicht bereinigt;1624224140;20.06.2021 21:22;20.06.2021 21:26;0000-00-00 00:00:00;9;38;82;175;0;112;0;182;197;134;209;0;0;274
138;0;Kein Tester;Beendet (31);6898888;Null;340;weiblich;1995;Bachelorabschluss;Nordrhein-Westfalen;Nein;Ja;stimme zu;stimme eher zu;stimme nicht zu;stimme nicht zu;0;Ja;Null;Null;Null;"Mozilla/5.0 (iPhone; CPU iPhone OS 14_6 like Mac OS X) AppleWebKit/605.1.15 (KHTML, like Gecko) Version/14.1.1 Mobile/15E148 Safari/604.1";Null;0;0;Null;0;6898876,6898877,6898878,6904232,6904243,6898880,6898881,6904237,6905236,6905237,6904242,6905174,6912113,6898888;Geflippt;Geflippt;HTML;Null;Null;36a112bd60584e0556e71a8da71789c2;Deutsch;Nicht bereinigt;1624248640;21.06.2021 04:10;21.06.2021 04:16;0000-00-00 00:00:00;23;50;109;287;0;158;0;295;336;226;0;0;319;340
140;0;Kein Tester;Beendet (31);6898888;Null;352;weiblich;1991;Bachelorabschluss;Nordrhein-Westfalen;Nein;Nein;Null;Null;Null;Null;neutral;Ja;Null;Null;Null;"Mozilla/5.0 (Linux; Android 7.0; HUAWEI CAN-L11) AppleWebKit/537.36 (KHTML, like Gecko) Chrome/78.0.3904.90 Mobile Safari/537.36";Null;0;0;Null;0;6898876,6898877,6898878,6904232,6904243,6898880,6898881,6904237,6905236,6904242,6905174,6912113,6898888;Geflippt;Nicht geflipped;HTML;Null;Null;6826daefb00e16327dc0edc3e43cfb38;Deutsch;Nicht bereinigt;1624256232;21.06.2021 06:17;21.06.2021 06:23;0000-00-00 00:00:00;24;46;88;327;0;182;0;333;350;251;0;0;0;352
141;0;Kein Tester;Beendet (31);6898888;Null;650;männlich;2000;Fachhochschulreife;Nordrhein-Westfalen;Nein;Nein;Null;Null;Null;Null;neutral;Ja;Null;Null;Null;"Mozilla/5.0 (iPhone; CPU iPhone OS 14_5 like Mac OS X) AppleWebKit/605.1.15 (KHTML, like Gecko) Version/14.1 Mobile/15E148 Safari/604.1";Null;0;0;Null;0;6898876,6898877,6898878,6904232,6904243,6898880,6898881,6904237,6905236,6904242,6905174,6912113,6898888;Geflippt;Geflippt;HTML;Null;Null;0abf6bf18865052543459b9002bb4f37;Deutsch;Nicht bereinigt;1624261299;21.06.2021 07:41;21.06.2021 07:52;0000-00-00 00:00:00;6;30;78;623;0;335;0;632;647;372;0;0;0;650
142;0;Kein Tester;Beendet (31);6898888;Null;296;männlich;1996;Fachhochschulreife;Nordrhein-Westfalen;Nein;Ja;stimme zu;stimme eher nicht zu;teils-teils;stimme eher zu;4;Ja;Null;Null;Null;"Mozilla/5.0 (Linux; Android 10; EML-L29) AppleWebKit/537.36 (KHTML, like Gecko) Chrome/91.0.4472.101 Mobile Safari/537.36";Null;0;0;Null;0;6898876,6898877,6898878,6904232,6904243,6898880,6898881,6904237,6905236,6905237,6904242,6905174,6912113,6898888;Geflippt;Geflippt;HTML;Null;Null;4abde56bd7b52d5252bb0028f663129f;Deutsch;Nicht bereinigt;1624280563;21.06.2021 13:02;21.06.2021 13:07;0000-00-00 00:00:00;5;31;88;255;0;131;0;259;294;218;0;0;282;296
143;0;Kein Tester;Beendet (31);6898888;Null;531;männlich;1988;Allgemeine Hochschulreife / Abitur;Nordrhein-Westfalen;Nein;Ja;stimme eher zu;teils-teils;stimme nicht zu;stimme eher zu;2;Nein;Kurzen, strikten Lockdown (Bsp.: China, Australien);Null;Null;"Mozilla/5.0 (Linux; Android 10; ONEPLUS A6013) AppleWebKit/537.36 (KHTML, like Gecko) Chrome/91.0.4472.101 Mobile Safari/537.36";Null;0;0;Null;0;6898876,6898877,6898878,6904232,6904243,6898880,6898881,6904237,6905236,6905237,6904242,6905174,6905176,6912113,6898888;Nicht geflipped;Geflippt;HTML;Null;Null;fd2be11d96b43ee95e4397a2ec70936f;Deutsch;Nicht bereinigt;1624290629;21.06.2021 15:50;21.06.2021 15:59;0000-00-00 00:00:00;5;41;112;416;0;187;0;426;504;345;527;0;486;531
144;0;Kein Tester;Beendet (31);6898888;Null;289;männlich;1997;Allgemeine Hochschulreife / Abitur;Nordrhein-Westfalen;Nein;Ja;stimme eher zu;stimme nicht zu;stimme nicht zu;stimme nicht zu;4;Ja;Null;Null;Null;"Mozilla/5.0 (iPhone; CPU iPhone OS 14_6 like Mac OS X) AppleWebKit/605.1.15 (KHTML, like Gecko) Version/14.1.1 Mobile/15E148 Safari/604.1";Null;0;0;Null;0;6898876,6898877,6898878,6904232,6904243,6898880,6898881,6904237,6905236,6905237,6904242,6905174,6912113,6898888;Nicht geflipped;Geflippt;HTML;Null;Null;17155f69e2a8ef5c4b528a0bd71c81cd;Deutsch;Nicht bereinigt;1624294305;21.06.2021 16:51;21.06.2021 16:56;0000-00-00 00:00:00;5;31;89;229;0;139;0;235;285;182;0;0;267;289
145;0;Kein Tester;Beendet (31);6898888;Null;470;männlich;1990;Masterabschluss;Nordrhein-Westfalen;Nein;Nein;Null;Null;Null;Null;neutral;Ja;Null;Null;Null;"Mozilla/5.0 (iPhone; CPU iPhone OS 14_6 like Mac OS X) AppleWebKit/605.1.15 (KHTML, like Gecko) Version/14.1.1 Mobile/15E148 Safari/604.1";Null;0;0;Null;0;6898876,6898877,6898878,6904232,6904243,6898880,6898881,6904237,6905236,6904242,6905174,6912113,6898888;Geflippt;Geflippt;HTML;Null;Null;545e1c1065f78ff6abe3f4c2571120da;Deutsch;Nicht bereinigt;1624298507;21.06.2021 18:01;21.06.2021 18:09;0000-00-00 00:00:00;5;28;80;445;0;207;0;453;466;355;0;0;0;470
153;0;Kein Tester;Beendet (31);6898888;Null;421;männlich;1994;Allgemeine Hochschulreife / Abitur;Nordrhein-Westfalen;Nein;Ja;stimme zu;stimme eher nicht zu;teils-teils;stimme eher nicht zu;neutral;Ja;Null;Null;Null;"Mozilla/5.0 (Macintosh; Intel Mac OS X 10_15_6) AppleWebKit/605.1.15 (KHTML, like Gecko) Version/14.0.2 Safari/605.1.15";Null;0;0;Null;0;6898876,6898877,6898878,6904232,6904243,6898880,6898881,6904237,6905236,6905237,6904242,6905174,6912113,6898888;Geflippt;Geflippt;HTML;Null;Null;627b66251af59ab37299bbf69c2cf978;Deutsch;Nicht bereinigt;1624361808;22.06.2021 11:36;22.06.2021 11:43;0000-00-00 00:00:00;4;33;105;333;0;193;0;343;418;253;0;0;391;421
